method,AUC,k,C
AllFeatures_L2,0.7146196979000738,24,
L1LogReg,0.7146255739642773,23,10.0
